21P+J98R04L._AC_|toilet plunger
31hGgLOmYJL._AC_|nail
31J9AAktjeL._AC_UL520_SR400,520_QL65_|necklace
31oKIUDSyDL|tube lotion
31SumsCgrLL._AC_UL520_SR400,520_QL65_|bracelet
31WBakJtTCL._AC_|mechanical pencil
31Z2Mpp75PL._AC_|scissors
41AvkkE8MiL._AC_SL1000_|light bulb
41Bove1QBqL._AC_SL1000_|pen
41byJpwrWML._AC_SL1000_|dj controller
41bzB7hMZFL._AC_UL520_SR400,520_QL65_|earring
41DcwqX30DL._AC_|cordless phone
41FhDGVzRiL._AC_UL520_SR400,520_QL65_|belt
41ig-YMrVdL._AC_|oven
41kE+Ikz6iL._AC_UL520_SR400,520_QL65_|necklace
41KhwC+yzPL._AC_SL1000_|speaker
41KmOR05-5L._AC_|folding step stool
41KRjO96OvL._AC_SL1000_|knife
41lHa8HFB8L._AC_SL1002_|single dumbell
41m6O7TVV4L._AC_|helmet
41o-sVepMUL._AC_SL1000_|phone gimbal
41OXSBB6v1L|hairbrush
41PRQ98SxoL|men's perfume
41QGnqPfWWL._SL1000_|single pincette
41saa941GaL._AC_|cd player portable
41tbcx2sahL._AC_|sauce pan
51-dqf2w55L._AC_SL1000_|single sunglasses
51-lnsIoTYL._SL1200_|gas nozzle
51-YQpxcZgL._AC_SL1200_|single fruit knife
51+9od456tL|gas can
51+ORgDsthL._AC_SL1200_|ipad
51+TZljEsVL._AC_|desk phone
51aNRT3+sPL._AC_SL1001_|kitchen sink handle
51atoZiZNaL._AC_SL1500_|single masking tape
51BA3-zs5vL._AC_SL1000_|turn table
51bJpVCtFtL._AC_SL1000_|usb hub
51eApxQBSEL._AC_SL1000_|modelling paste
51eIj5of01L._AC_SL1500_|vdi converter
51eiJ9pxuqL._SL1300_|facial oil
51emOPssb8L._AC_SL1024_|dusting brush
51FJaj9lOQL._AC_SL1343_|potato peeler
51fROreXSIL._AC_SL1000_|smart phone
51hw68WYmmL._AC_SL1000_|single tumbler
51i1-OQUx6L-1._AC_SL1000_|bluetooth microphone
51muXPBGnPL._AC_SL1000_|rubiks cube
51o-srj3XsL._AC_SL1500_|air cleaner
51O22NNSAGL._AC_SL1000_|drum symbol
51oipw32UkL._AC_SL1132_|pencil
51Q0U6f4PnL._AC_SL1000_|pizza wheel
51QgqqeTsXL._AC_SL1000_|clip lamp
51uFDMR094L._AC_SL1000_|facial tissue
51UjQcaDMiL._AC_SL1075_|iron
51V5rde4oJL._AC_SL1005_|tv remote controller
51vjgeHXHnL._AC_SL1000_|cigarette arc lighter
51wu1Q0C67L._AC_SL1000_|goggles
51wUWjHssqL._AC_SL1000_|steel scissors
51xsxMZ2eaL._AC_SL1000_|one screw driver
51yqYi0b7YL._AC_SL1050_|go mixer pro
61a1UoyFY-L._AC_SL1161_|calculator
61AGgNKSCnL._AC_SL1000_|micro sd card
61BYOhsY70L._SL1500_|single hole punch
61CFTdX2VDL._AC_SL1500_|logitech mouse
61DEKFb0UdL._SL1024_|fruity candle
61dpjzbnNdL._AC_SL1500_|single water bottle
61DPqgysNnL._AC_SL1500_|vocal microphone
61DpW9LBieL._AC_SL1500_|pillow
61e-vRvxRsL._SL1500_|electric shaver
61FFlHWjE3L._SL1500_|massage oil
61fnMMgkGIL._AC_SL1098_|hammer
61FUoAsRBrL._SL1500_|long nose plier
61gp8+qV18L._SL1500_|single hair comb
61gUN+hqTFL._AC_SL1359_|usb drive
61hLFWn3rZL._AC_SL1100_|bell alarm clock
61I6VzWgbOL._AC_SL1200_|rice cooker
61J-MencwGL._AC_SL1500_|printer
61j9HLWKaQL._AC_SL1001_|vase
61jkxDhI-EL._AC_SL1000_|microwave
61nA7VotXUL._AC_UL640_QL65_ML3_|diamond ring
61NrWLtBXFL._AC_SL1500_|keyboard
61oEU8lUE9L._AC_SL1001_|headset
61SLfWTlr8L._AC_SL1500_|smart watch
61U4AtMjyyL._AC_SL1500_|table mirror
61UrvYvPDRL._SL1500_|lipstick
61UyaocateL._AC_SL1000_|baseball ball
61Zwxe3X06L._AC_SL1000_|typewriter
71-BKpz0SmL._AC_SL1500_|scientific calculator
71brohlWHJL._AC_SL1500_|shampoo
71BUTNeB9iL._AC_SL1500_|toaster
71C+zF8l4JL._AC_SL1500_|synthesizer
71g2SJXFd0L._AC_SL1500_|hand bell
71hF3Zwt0UL._AC_SL1500_|laptop
71ja6CyjdZL._AC_SL1500_|belt
71LpYR3Z-5L._AC_SL1500_|whisk
71ndJke05RL._SL1500_|hair dryer
71qu62TzyUL._AC_SL1500_|desktop tape dispenser
71sP9+CQaFL._AC_SL1165_|neck pillow
71tmLhJJSyL._AC_SL1280_|food scale
71TzCLRzYAL._SL1500_|ring video doorbell
81A+eYM4cqL._AC_SL1500_|toaster oven
81apc-mi0QL._AC_SL1500_|electric drill handle
81arGbkq-kL._SL1500_|loreal palette
81hgC34opdL._AC_SL1500_|electric kettle
81htbG3Z6bL._AC_SL1500_|wireless earphone
81iiTXVSPdL._AC_SL1500_|trash foot pedal
81sdQzBKNFL._AC_SL1500_|digital camera
81tBHkYcewL._AC_SL1500_|speaker
91M76Va0YSL._AC_SL1500_|basket ball
91qOysh9xEL._AC_SL1500_|journal notebook
91RAvrwNCJL._AC_SL1500_|camcoder
413qDudtmYL._AC_SL1024_|apple keyboard
611NdfO4yGL._AC_SL1200_|slim wallet
618kFJXBhnL._AC_SL1500_|ladle
715pJqvY21L._AC_SL1500_|binocular
715sAEzd2IL._AC_SL1500_|desk lamp
912dnVOepvL._AC_SL1500_|dart board
7144Sr2GALL._AC_SL1500_|wood rolling pin